"customer_id","cohort_month","order_month","month_number"
1,"2023-01-01","2023-01-01","0"
1,"2023-01-01","2023-04-01","3"
1,"2023-01-01","2023-06-01","5"
1,"2023-01-01","2023-06-01","5"
1,"2023-01-01","2023-12-01","11"
2,"2023-03-01","2023-03-01","0"
2,"2023-03-01","2023-04-01","1"
2,"2023-03-01","2023-06-01","3"
2,"2023-03-01","2023-11-01","8"
3,"2023-02-01","2023-02-01","0"
3,"2023-02-01","2023-02-01","0"
3,"2023-02-01","2023-04-01","2"
3,"2023-02-01","2023-04-01","2"
3,"2023-02-01","2023-07-01","5"
3,"2023-02-01","2023-08-01","6"
3,"2023-02-01","2023-09-01","7"
3,"2023-02-01","2023-10-01","8"
3,"2023-02-01","2023-12-01","10"
4,"2023-01-01","2023-01-01","0"
4,"2023-01-01","2023-02-01","1"
4,"2023-01-01","2023-04-01","3"
4,"2023-01-01","2023-05-01","4"
4,"2023-01-01","2023-05-01","4"
4,"2023-01-01","2023-07-01","6"
4,"2023-01-01","2023-08-01","7"
4,"2023-01-01","2023-11-01","10"
5,"2023-04-01","2023-04-01","0"
5,"2023-04-01","2023-08-01","4"
5,"2023-04-01","2023-09-01","5"
5,"2023-04-01","2023-10-01","6"
6,"2023-01-01","2023-01-01","0"
6,"2023-01-01","2023-01-01","0"
6,"2023-01-01","2023-02-01","1"
6,"2023-01-01","2023-04-01","3"
6,"2023-01-01","2023-12-01","11"
6,"2023-01-01","2023-12-01","11"
7,"2023-04-01","2023-04-01","0"
7,"2023-04-01","2023-05-01","1"
7,"2023-04-01","2023-09-01","5"
7,"2023-04-01","2023-09-01","5"
7,"2023-04-01","2023-11-01","7"
8,"2023-02-01","2023-02-01","0"
8,"2023-02-01","2023-03-01","1"
8,"2023-02-01","2023-08-01","6"
8,"2023-02-01","2023-10-01","8"
8,"2023-02-01","2023-11-01","9"
9,"2023-04-01","2023-04-01","0"
9,"2023-04-01","2023-07-01","3"
9,"2023-04-01","2023-09-01","5"
9,"2023-04-01","2023-09-01","5"
10,"2023-01-01","2023-01-01","0"
10,"2023-01-01","2023-02-01","1"
10,"2023-01-01","2023-07-01","6"
10,"2023-01-01","2023-08-01","7"
10,"2023-01-01","2023-08-01","7"
10,"2023-01-01","2023-10-01","9"
11,"2023-01-01","2023-01-01","0"
11,"2023-01-01","2023-03-01","2"
11,"2023-01-01","2023-09-01","8"
11,"2023-01-01","2023-12-01","11"
12,"2023-01-01","2023-01-01","0"
12,"2023-01-01","2023-01-01","0"
12,"2023-01-01","2023-04-01","3"
12,"2023-01-01","2023-04-01","3"
12,"2023-01-01","2023-04-01","3"
12,"2023-01-01","2023-05-01","4"
12,"2023-01-01","2023-06-01","5"
12,"2023-01-01","2023-10-01","9"
12,"2023-01-01","2023-11-01","10"
13,"2023-03-01","2023-03-01","0"
13,"2023-03-01","2023-05-01","2"
13,"2023-03-01","2023-06-01","3"
13,"2023-03-01","2023-07-01","4"
13,"2023-03-01","2023-08-01","5"
13,"2023-03-01","2023-09-01","6"
14,"2023-01-01","2023-01-01","0"
14,"2023-01-01","2023-02-01","1"
14,"2023-01-01","2023-07-01","6"
14,"2023-01-01","2023-08-01","7"
14,"2023-01-01","2023-09-01","8"
14,"2023-01-01","2023-10-01","9"
15,"2023-03-01","2023-03-01","0"
15,"2023-03-01","2023-10-01","7"
15,"2023-03-01","2023-10-01","7"
15,"2023-03-01","2023-10-01","7"
15,"2023-03-01","2023-12-01","9"
16,"2023-11-01","2023-11-01","0"
17,"2023-04-01","2023-04-01","0"
17,"2023-04-01","2023-10-01","6"
18,"2023-01-01","2023-01-01","0"
18,"2023-01-01","2023-07-01","6"
18,"2023-01-01","2023-08-01","7"
18,"2023-01-01","2023-10-01","9"
18,"2023-01-01","2023-10-01","9"
18,"2023-01-01","2023-10-01","9"
19,"2023-07-01","2023-07-01","0"
19,"2023-07-01","2023-08-01","1"
19,"2023-07-01","2023-11-01","4"
20,"2023-03-01","2023-03-01","0"
20,"2023-03-01","2023-09-01","6"
21,"2023-01-01","2023-01-01","0"
21,"2023-01-01","2023-04-01","3"
21,"2023-01-01","2023-04-01","3"
21,"2023-01-01","2023-07-01","6"
21,"2023-01-01","2023-10-01","9"
22,"2023-05-01","2023-05-01","0"
22,"2023-05-01","2023-06-01","1"
22,"2023-05-01","2023-09-01","4"
23,"2023-05-01","2023-05-01","0"
23,"2023-05-01","2023-07-01","2"
23,"2023-05-01","2023-10-01","5"
24,"2023-01-01","2023-01-01","0"
24,"2023-01-01","2023-05-01","4"
24,"2023-01-01","2023-06-01","5"
24,"2023-01-01","2023-06-01","5"
24,"2023-01-01","2023-10-01","9"
24,"2023-01-01","2023-10-01","9"
25,"2023-02-01","2023-02-01","0"
25,"2023-02-01","2023-04-01","2"
25,"2023-02-01","2023-07-01","5"
26,"2023-01-01","2023-01-01","0"
26,"2023-01-01","2023-10-01","9"
27,"2023-01-01","2023-01-01","0"
27,"2023-01-01","2023-01-01","0"
27,"2023-01-01","2023-07-01","6"
27,"2023-01-01","2023-09-01","8"
27,"2023-01-01","2023-10-01","9"
27,"2023-01-01","2023-11-01","10"
27,"2023-01-01","2023-12-01","11"
28,"2023-01-01","2023-01-01","0"
28,"2023-01-01","2023-02-01","1"
28,"2023-01-01","2023-04-01","3"
28,"2023-01-01","2023-09-01","8"
29,"2023-01-01","2023-01-01","0"
29,"2023-01-01","2023-03-01","2"
30,"2023-03-01","2023-03-01","0"
30,"2023-03-01","2023-03-01","0"
30,"2023-03-01","2023-05-01","2"
30,"2023-03-01","2023-08-01","5"
30,"2023-03-01","2023-10-01","7"
31,"2023-01-01","2023-01-01","0"
31,"2023-01-01","2023-05-01","4"
31,"2023-01-01","2023-11-01","10"
32,"2023-01-01","2023-01-01","0"
32,"2023-01-01","2023-02-01","1"
32,"2023-01-01","2023-12-01","11"
33,"2023-03-01","2023-03-01","0"
33,"2023-03-01","2023-03-01","0"
33,"2023-03-01","2023-08-01","5"
33,"2023-03-01","2023-08-01","5"
33,"2023-03-01","2023-12-01","9"
34,"2023-02-01","2023-02-01","0"
34,"2023-02-01","2023-03-01","1"
34,"2023-02-01","2023-04-01","2"
34,"2023-02-01","2023-05-01","3"
34,"2023-02-01","2023-05-01","3"
34,"2023-02-01","2023-07-01","5"
34,"2023-02-01","2023-07-01","5"
34,"2023-02-01","2023-10-01","8"
34,"2023-02-01","2023-11-01","9"
34,"2023-02-01","2023-11-01","9"
35,"2023-02-01","2023-02-01","0"
35,"2023-02-01","2023-06-01","4"
35,"2023-02-01","2023-06-01","4"
35,"2023-02-01","2023-10-01","8"
35,"2023-02-01","2023-11-01","9"
36,"2023-01-01","2023-01-01","0"
36,"2023-01-01","2023-01-01","0"
36,"2023-01-01","2023-02-01","1"
36,"2023-01-01","2023-05-01","4"
36,"2023-01-01","2023-06-01","5"
36,"2023-01-01","2023-12-01","11"
37,"2023-01-01","2023-01-01","0"
37,"2023-01-01","2023-01-01","0"
37,"2023-01-01","2023-06-01","5"
37,"2023-01-01","2023-08-01","7"
37,"2023-01-01","2023-09-01","8"
37,"2023-01-01","2023-09-01","8"
38,"2023-02-01","2023-02-01","0"
38,"2023-02-01","2023-03-01","1"
38,"2023-02-01","2023-04-01","2"
38,"2023-02-01","2023-06-01","4"
38,"2023-02-01","2023-08-01","6"
38,"2023-02-01","2023-10-01","8"
38,"2023-02-01","2023-12-01","10"
39,"2023-01-01","2023-01-01","0"
39,"2023-01-01","2023-03-01","2"
39,"2023-01-01","2023-04-01","3"
39,"2023-01-01","2023-05-01","4"
39,"2023-01-01","2023-05-01","4"
39,"2023-01-01","2023-08-01","7"
39,"2023-01-01","2023-11-01","10"
40,"2023-09-01","2023-09-01","0"
40,"2023-09-01","2023-12-01","3"
41,"2023-01-01","2023-01-01","0"
41,"2023-01-01","2023-04-01","3"
41,"2023-01-01","2023-05-01","4"
41,"2023-01-01","2023-06-01","5"
41,"2023-01-01","2023-08-01","7"
41,"2023-01-01","2023-08-01","7"
42,"2023-06-01","2023-06-01","0"
42,"2023-06-01","2023-06-01","0"
42,"2023-06-01","2023-10-01","4"
43,"2023-01-01","2023-01-01","0"
43,"2023-01-01","2023-05-01","4"
43,"2023-01-01","2023-07-01","6"
44,"2023-04-01","2023-04-01","0"
44,"2023-04-01","2023-04-01","0"
44,"2023-04-01","2023-05-01","1"
44,"2023-04-01","2023-06-01","2"
44,"2023-04-01","2023-07-01","3"
44,"2023-04-01","2023-11-01","7"
44,"2023-04-01","2023-11-01","7"
45,"2023-04-01","2023-04-01","0"
45,"2023-04-01","2023-06-01","2"
45,"2023-04-01","2023-07-01","3"
45,"2023-04-01","2023-11-01","7"
45,"2023-04-01","2023-12-01","8"
46,"2023-02-01","2023-02-01","0"
46,"2023-02-01","2023-03-01","1"
46,"2023-02-01","2023-03-01","1"
46,"2023-02-01","2023-12-01","10"
47,"2023-01-01","2023-01-01","0"
47,"2023-01-01","2023-03-01","2"
47,"2023-01-01","2023-03-01","2"
47,"2023-01-01","2023-05-01","4"
47,"2023-01-01","2023-05-01","4"
47,"2023-01-01","2023-10-01","9"
48,"2023-02-01","2023-02-01","0"
48,"2023-02-01","2023-03-01","1"
48,"2023-02-01","2023-03-01","1"
48,"2023-02-01","2023-07-01","5"
48,"2023-02-01","2023-09-01","7"
48,"2023-02-01","2023-11-01","9"
49,"2023-05-01","2023-05-01","0"
49,"2023-05-01","2023-08-01","3"
49,"2023-05-01","2023-09-01","4"
49,"2023-05-01","2023-10-01","5"
50,"2023-06-01","2023-06-01","0"
50,"2023-06-01","2023-07-01","1"
50,"2023-06-01","2023-10-01","4"
50,"2023-06-01","2023-11-01","5"
50,"2023-06-01","2023-11-01","5"
50,"2023-06-01","2023-12-01","6"
50,"2023-06-01","2023-12-01","6"
51,"2023-03-01","2023-03-01","0"
51,"2023-03-01","2023-06-01","3"
51,"2023-03-01","2023-11-01","8"
51,"2023-03-01","2023-12-01","9"
52,"2023-01-01","2023-01-01","0"
52,"2023-01-01","2023-03-01","2"
52,"2023-01-01","2023-10-01","9"
53,"2023-01-01","2023-01-01","0"
53,"2023-01-01","2023-01-01","0"
53,"2023-01-01","2023-02-01","1"
53,"2023-01-01","2023-03-01","2"
53,"2023-01-01","2023-11-01","10"
54,"2023-02-01","2023-02-01","0"
54,"2023-02-01","2023-04-01","2"
54,"2023-02-01","2023-05-01","3"
54,"2023-02-01","2023-06-01","4"
54,"2023-02-01","2023-06-01","4"
54,"2023-02-01","2023-07-01","5"
54,"2023-02-01","2023-07-01","5"
54,"2023-02-01","2023-08-01","6"
54,"2023-02-01","2023-10-01","8"
55,"2023-02-01","2023-02-01","0"
55,"2023-02-01","2023-08-01","6"
55,"2023-02-01","2023-09-01","7"
55,"2023-02-01","2023-10-01","8"
55,"2023-02-01","2023-10-01","8"
55,"2023-02-01","2023-11-01","9"
55,"2023-02-01","2023-11-01","9"
56,"2023-01-01","2023-01-01","0"
56,"2023-01-01","2023-03-01","2"
56,"2023-01-01","2023-05-01","4"
56,"2023-01-01","2023-08-01","7"
56,"2023-01-01","2023-09-01","8"
56,"2023-01-01","2023-10-01","9"
56,"2023-01-01","2023-11-01","10"
56,"2023-01-01","2023-12-01","11"
57,"2023-01-01","2023-01-01","0"
57,"2023-01-01","2023-02-01","1"
57,"2023-01-01","2023-05-01","4"
57,"2023-01-01","2023-07-01","6"
58,"2023-09-01","2023-09-01","0"
58,"2023-09-01","2023-11-01","2"
59,"2023-02-01","2023-02-01","0"
59,"2023-02-01","2023-02-01","0"
59,"2023-02-01","2023-10-01","8"
59,"2023-02-01","2023-11-01","9"
59,"2023-02-01","2023-12-01","10"
60,"2023-01-01","2023-01-01","0"
60,"2023-01-01","2023-06-01","5"
60,"2023-01-01","2023-06-01","5"
60,"2023-01-01","2023-08-01","7"
60,"2023-01-01","2023-09-01","8"
60,"2023-01-01","2023-09-01","8"
60,"2023-01-01","2023-09-01","8"
60,"2023-01-01","2023-11-01","10"
60,"2023-01-01","2023-11-01","10"
60,"2023-01-01","2023-12-01","11"
61,"2023-01-01","2023-01-01","0"
61,"2023-01-01","2023-01-01","0"
61,"2023-01-01","2023-03-01","2"
61,"2023-01-01","2023-04-01","3"
61,"2023-01-01","2023-04-01","3"
61,"2023-01-01","2023-05-01","4"
61,"2023-01-01","2023-06-01","5"
61,"2023-01-01","2023-06-01","5"
61,"2023-01-01","2023-08-01","7"
61,"2023-01-01","2023-09-01","8"
61,"2023-01-01","2023-09-01","8"
61,"2023-01-01","2023-12-01","11"
62,"2023-03-01","2023-03-01","0"
62,"2023-03-01","2023-06-01","3"
62,"2023-03-01","2023-10-01","7"
62,"2023-03-01","2023-10-01","7"
62,"2023-03-01","2023-12-01","9"
63,"2023-07-01","2023-07-01","0"
63,"2023-07-01","2023-09-01","2"
63,"2023-07-01","2023-11-01","4"
64,"2023-01-01","2023-01-01","0"
64,"2023-01-01","2023-01-01","0"
64,"2023-01-01","2023-01-01","0"
64,"2023-01-01","2023-04-01","3"
64,"2023-01-01","2023-06-01","5"
64,"2023-01-01","2023-06-01","5"
64,"2023-01-01","2023-06-01","5"
64,"2023-01-01","2023-07-01","6"
64,"2023-01-01","2023-08-01","7"
65,"2023-01-01","2023-01-01","0"
65,"2023-01-01","2023-01-01","0"
65,"2023-01-01","2023-04-01","3"
65,"2023-01-01","2023-09-01","8"
66,"2023-02-01","2023-02-01","0"
66,"2023-02-01","2023-04-01","2"
66,"2023-02-01","2023-08-01","6"
67,"2023-01-01","2023-01-01","0"
67,"2023-01-01","2023-03-01","2"
67,"2023-01-01","2023-03-01","2"
67,"2023-01-01","2023-05-01","4"
67,"2023-01-01","2023-07-01","6"
67,"2023-01-01","2023-08-01","7"
67,"2023-01-01","2023-09-01","8"
67,"2023-01-01","2023-11-01","10"
67,"2023-01-01","2023-12-01","11"
68,"2023-04-01","2023-04-01","0"
68,"2023-04-01","2023-04-01","0"
68,"2023-04-01","2023-06-01","2"
68,"2023-04-01","2023-09-01","5"
68,"2023-04-01","2023-09-01","5"
68,"2023-04-01","2023-12-01","8"
68,"2023-04-01","2023-12-01","8"
69,"2023-02-01","2023-02-01","0"
69,"2023-02-01","2023-04-01","2"
69,"2023-02-01","2023-04-01","2"
69,"2023-02-01","2023-05-01","3"
69,"2023-02-01","2023-06-01","4"
70,"2023-01-01","2023-01-01","0"
70,"2023-01-01","2023-03-01","2"
70,"2023-01-01","2023-04-01","3"
70,"2023-01-01","2023-07-01","6"
70,"2023-01-01","2023-09-01","8"
70,"2023-01-01","2023-09-01","8"
71,"2023-02-01","2023-02-01","0"
71,"2023-02-01","2023-04-01","2"
71,"2023-02-01","2023-07-01","5"
71,"2023-02-01","2023-09-01","7"
71,"2023-02-01","2023-12-01","10"
72,"2023-01-01","2023-01-01","0"
72,"2023-01-01","2023-02-01","1"
72,"2023-01-01","2023-03-01","2"
72,"2023-01-01","2023-04-01","3"
72,"2023-01-01","2023-05-01","4"
72,"2023-01-01","2023-08-01","7"
72,"2023-01-01","2023-09-01","8"
72,"2023-01-01","2023-09-01","8"
73,"2023-02-01","2023-02-01","0"
73,"2023-02-01","2023-03-01","1"
73,"2023-02-01","2023-05-01","3"
73,"2023-02-01","2023-12-01","10"
74,"2023-01-01","2023-01-01","0"
74,"2023-01-01","2023-03-01","2"
74,"2023-01-01","2023-05-01","4"
74,"2023-01-01","2023-06-01","5"
74,"2023-01-01","2023-06-01","5"
74,"2023-01-01","2023-07-01","6"
74,"2023-01-01","2023-11-01","10"
74,"2023-01-01","2023-11-01","10"
74,"2023-01-01","2023-12-01","11"
75,"2023-02-01","2023-02-01","0"
75,"2023-02-01","2023-02-01","0"
75,"2023-02-01","2023-06-01","4"
75,"2023-02-01","2023-06-01","4"
76,"2023-04-01","2023-04-01","0"
76,"2023-04-01","2023-05-01","1"
76,"2023-04-01","2023-05-01","1"
76,"2023-04-01","2023-05-01","1"
76,"2023-04-01","2023-08-01","4"
76,"2023-04-01","2023-11-01","7"
77,"2023-03-01","2023-03-01","0"
77,"2023-03-01","2023-05-01","2"
77,"2023-03-01","2023-07-01","4"
77,"2023-03-01","2023-09-01","6"
78,"2023-04-01","2023-04-01","0"
78,"2023-04-01","2023-08-01","4"
78,"2023-04-01","2023-10-01","6"
78,"2023-04-01","2023-10-01","6"
79,"2023-04-01","2023-04-01","0"
79,"2023-04-01","2023-06-01","2"
79,"2023-04-01","2023-12-01","8"
80,"2023-01-01","2023-01-01","0"
80,"2023-01-01","2023-03-01","2"
80,"2023-01-01","2023-04-01","3"
80,"2023-01-01","2023-06-01","5"
80,"2023-01-01","2023-08-01","7"
81,"2023-06-01","2023-06-01","0"
81,"2023-06-01","2023-09-01","3"
81,"2023-06-01","2023-12-01","6"
82,"2023-02-01","2023-02-01","0"
82,"2023-02-01","2023-04-01","2"
82,"2023-02-01","2023-04-01","2"
82,"2023-02-01","2023-07-01","5"
82,"2023-02-01","2023-08-01","6"
83,"2023-01-01","2023-01-01","0"
83,"2023-01-01","2023-02-01","1"
83,"2023-01-01","2023-02-01","1"
83,"2023-01-01","2023-08-01","7"
83,"2023-01-01","2023-10-01","9"
83,"2023-01-01","2023-11-01","10"
84,"2023-02-01","2023-02-01","0"
84,"2023-02-01","2023-04-01","2"
84,"2023-02-01","2023-04-01","2"
84,"2023-02-01","2023-05-01","3"
84,"2023-02-01","2023-06-01","4"
84,"2023-02-01","2023-09-01","7"
84,"2023-02-01","2023-10-01","8"
84,"2023-02-01","2023-11-01","9"
85,"2023-01-01","2023-01-01","0"
85,"2023-01-01","2023-09-01","8"
85,"2023-01-01","2023-11-01","10"
85,"2023-01-01","2023-12-01","11"
86,"2023-01-01","2023-01-01","0"
86,"2023-01-01","2023-06-01","5"
86,"2023-01-01","2023-12-01","11"
87,"2023-01-01","2023-01-01","0"
87,"2023-01-01","2023-01-01","0"
87,"2023-01-01","2023-07-01","6"
88,"2023-03-01","2023-03-01","0"
88,"2023-03-01","2023-05-01","2"
88,"2023-03-01","2023-11-01","8"
88,"2023-03-01","2023-11-01","8"
89,"2023-04-01","2023-04-01","0"
89,"2023-04-01","2023-05-01","1"
89,"2023-04-01","2023-09-01","5"
89,"2023-04-01","2023-10-01","6"
90,"2023-02-01","2023-02-01","0"
90,"2023-02-01","2023-02-01","0"
90,"2023-02-01","2023-04-01","2"
91,"2023-01-01","2023-01-01","0"
91,"2023-01-01","2023-02-01","1"
91,"2023-01-01","2023-06-01","5"
91,"2023-01-01","2023-09-01","8"
91,"2023-01-01","2023-10-01","9"
91,"2023-01-01","2023-10-01","9"
91,"2023-01-01","2023-12-01","11"
92,"2023-04-01","2023-04-01","0"
92,"2023-04-01","2023-05-01","1"
92,"2023-04-01","2023-05-01","1"
92,"2023-04-01","2023-08-01","4"
92,"2023-04-01","2023-08-01","4"
92,"2023-04-01","2023-08-01","4"
92,"2023-04-01","2023-10-01","6"
92,"2023-04-01","2023-10-01","6"
92,"2023-04-01","2023-12-01","8"
93,"2023-03-01","2023-03-01","0"
93,"2023-03-01","2023-06-01","3"
93,"2023-03-01","2023-07-01","4"
93,"2023-03-01","2023-10-01","7"
94,"2023-02-01","2023-02-01","0"
94,"2023-02-01","2023-03-01","1"
94,"2023-02-01","2023-04-01","2"
94,"2023-02-01","2023-05-01","3"
94,"2023-02-01","2023-09-01","7"
94,"2023-02-01","2023-09-01","7"
94,"2023-02-01","2023-09-01","7"
94,"2023-02-01","2023-10-01","8"
94,"2023-02-01","2023-10-01","8"
95,"2023-02-01","2023-02-01","0"
95,"2023-02-01","2023-03-01","1"
95,"2023-02-01","2023-12-01","10"
96,"2023-02-01","2023-02-01","0"
96,"2023-02-01","2023-03-01","1"
96,"2023-02-01","2023-05-01","3"
96,"2023-02-01","2023-06-01","4"
96,"2023-02-01","2023-09-01","7"
97,"2023-01-01","2023-01-01","0"
97,"2023-01-01","2023-02-01","1"
97,"2023-01-01","2023-03-01","2"
97,"2023-01-01","2023-04-01","3"
97,"2023-01-01","2023-06-01","5"
97,"2023-01-01","2023-07-01","6"
97,"2023-01-01","2023-09-01","8"
97,"2023-01-01","2023-10-01","9"
97,"2023-01-01","2023-10-01","9"
98,"2023-04-01","2023-04-01","0"
98,"2023-04-01","2023-04-01","0"
98,"2023-04-01","2023-06-01","2"
98,"2023-04-01","2023-11-01","7"
99,"2023-04-01","2023-04-01","0"
99,"2023-04-01","2023-06-01","2"
99,"2023-04-01","2023-09-01","5"
99,"2023-04-01","2023-11-01","7"
99,"2023-04-01","2023-12-01","8"
99,"2023-04-01","2023-12-01","8"
100,"2023-01-01","2023-01-01","0"
100,"2023-01-01","2023-03-01","2"
100,"2023-01-01","2023-06-01","5"
100,"2023-01-01","2023-10-01","9"
100,"2023-01-01","2023-12-01","11"
101,"2023-07-01","2023-07-01","0"
102,"2023-03-01","2023-03-01","0"
102,"2023-03-01","2023-05-01","2"
102,"2023-03-01","2023-07-01","4"
102,"2023-03-01","2023-11-01","8"
103,"2023-02-01","2023-02-01","0"
103,"2023-02-01","2023-02-01","0"
103,"2023-02-01","2023-07-01","5"
103,"2023-02-01","2023-09-01","7"
103,"2023-02-01","2023-10-01","8"
104,"2023-04-01","2023-04-01","0"
104,"2023-04-01","2023-08-01","4"
104,"2023-04-01","2023-11-01","7"
104,"2023-04-01","2023-12-01","8"
105,"2023-04-01","2023-04-01","0"
105,"2023-04-01","2023-08-01","4"
105,"2023-04-01","2023-12-01","8"
106,"2023-05-01","2023-05-01","0"
106,"2023-05-01","2023-06-01","1"
106,"2023-05-01","2023-06-01","1"
106,"2023-05-01","2023-10-01","5"
106,"2023-05-01","2023-10-01","5"
106,"2023-05-01","2023-12-01","7"
107,"2023-03-01","2023-03-01","0"
107,"2023-03-01","2023-04-01","1"
107,"2023-03-01","2023-06-01","3"
107,"2023-03-01","2023-08-01","5"
108,"2023-02-01","2023-02-01","0"
108,"2023-02-01","2023-02-01","0"
108,"2023-02-01","2023-06-01","4"
108,"2023-02-01","2023-11-01","9"
109,"2023-01-01","2023-01-01","0"
109,"2023-01-01","2023-03-01","2"
109,"2023-01-01","2023-03-01","2"
109,"2023-01-01","2023-03-01","2"
109,"2023-01-01","2023-09-01","8"
110,"2023-09-01","2023-09-01","0"
111,"2023-03-01","2023-03-01","0"
111,"2023-03-01","2023-06-01","3"
111,"2023-03-01","2023-07-01","4"
111,"2023-03-01","2023-09-01","6"
111,"2023-03-01","2023-10-01","7"
111,"2023-03-01","2023-11-01","8"
112,"2023-02-01","2023-02-01","0"
112,"2023-02-01","2023-03-01","1"
112,"2023-02-01","2023-04-01","2"
112,"2023-02-01","2023-05-01","3"
113,"2023-01-01","2023-01-01","0"
113,"2023-01-01","2023-05-01","4"
113,"2023-01-01","2023-05-01","4"
113,"2023-01-01","2023-10-01","9"
113,"2023-01-01","2023-11-01","10"
113,"2023-01-01","2023-12-01","11"
114,"2023-04-01","2023-04-01","0"
114,"2023-04-01","2023-07-01","3"
114,"2023-04-01","2023-08-01","4"
114,"2023-04-01","2023-11-01","7"
115,"2023-09-01","2023-09-01","0"
115,"2023-09-01","2023-11-01","2"
116,"2023-04-01","2023-04-01","0"
116,"2023-04-01","2023-07-01","3"
116,"2023-04-01","2023-07-01","3"
116,"2023-04-01","2023-08-01","4"
116,"2023-04-01","2023-09-01","5"
116,"2023-04-01","2023-11-01","7"
116,"2023-04-01","2023-11-01","7"
116,"2023-04-01","2023-12-01","8"
117,"2023-02-01","2023-02-01","0"
117,"2023-02-01","2023-05-01","3"
117,"2023-02-01","2023-05-01","3"
118,"2023-02-01","2023-02-01","0"
118,"2023-02-01","2023-03-01","1"
118,"2023-02-01","2023-10-01","8"
119,"2023-05-01","2023-05-01","0"
119,"2023-05-01","2023-06-01","1"
119,"2023-05-01","2023-08-01","3"
120,"2023-05-01","2023-05-01","0"
120,"2023-05-01","2023-09-01","4"
121,"2023-01-01","2023-01-01","0"
121,"2023-01-01","2023-01-01","0"
121,"2023-01-01","2023-06-01","5"
121,"2023-01-01","2023-09-01","8"
122,"2023-05-01","2023-05-01","0"
122,"2023-05-01","2023-05-01","0"
122,"2023-05-01","2023-09-01","4"
123,"2023-01-01","2023-01-01","0"
123,"2023-01-01","2023-05-01","4"
123,"2023-01-01","2023-05-01","4"
123,"2023-01-01","2023-07-01","6"
123,"2023-01-01","2023-07-01","6"
123,"2023-01-01","2023-12-01","11"
123,"2023-01-01","2023-12-01","11"
124,"2023-05-01","2023-05-01","0"
124,"2023-05-01","2023-05-01","0"
124,"2023-05-01","2023-05-01","0"
124,"2023-05-01","2023-06-01","1"
124,"2023-05-01","2023-07-01","2"
124,"2023-05-01","2023-09-01","4"
124,"2023-05-01","2023-11-01","6"
125,"2023-01-01","2023-01-01","0"
125,"2023-01-01","2023-01-01","0"
125,"2023-01-01","2023-05-01","4"
125,"2023-01-01","2023-08-01","7"
125,"2023-01-01","2023-09-01","8"
125,"2023-01-01","2023-10-01","9"
125,"2023-01-01","2023-10-01","9"
126,"2023-01-01","2023-01-01","0"
126,"2023-01-01","2023-06-01","5"
126,"2023-01-01","2023-06-01","5"
126,"2023-01-01","2023-08-01","7"
127,"2023-01-01","2023-01-01","0"
127,"2023-01-01","2023-02-01","1"
127,"2023-01-01","2023-03-01","2"
127,"2023-01-01","2023-04-01","3"
127,"2023-01-01","2023-07-01","6"
127,"2023-01-01","2023-08-01","7"
127,"2023-01-01","2023-12-01","11"
128,"2023-01-01","2023-01-01","0"
128,"2023-01-01","2023-03-01","2"
128,"2023-01-01","2023-06-01","5"
128,"2023-01-01","2023-06-01","5"
128,"2023-01-01","2023-10-01","9"
128,"2023-01-01","2023-10-01","9"
128,"2023-01-01","2023-10-01","9"
128,"2023-01-01","2023-10-01","9"
128,"2023-01-01","2023-11-01","10"
129,"2023-10-01","2023-10-01","0"
129,"2023-10-01","2023-12-01","2"
130,"2023-06-01","2023-06-01","0"
130,"2023-06-01","2023-07-01","1"
130,"2023-06-01","2023-08-01","2"
130,"2023-06-01","2023-11-01","5"
130,"2023-06-01","2023-11-01","5"
130,"2023-06-01","2023-11-01","5"
131,"2023-04-01","2023-04-01","0"
131,"2023-04-01","2023-06-01","2"
131,"2023-04-01","2023-06-01","2"
132,"2023-03-01","2023-03-01","0"
132,"2023-03-01","2023-03-01","0"
132,"2023-03-01","2023-03-01","0"
132,"2023-03-01","2023-05-01","2"
132,"2023-03-01","2023-07-01","4"
132,"2023-03-01","2023-09-01","6"
133,"2023-03-01","2023-03-01","0"
133,"2023-03-01","2023-04-01","1"
133,"2023-03-01","2023-05-01","2"
133,"2023-03-01","2023-05-01","2"
133,"2023-03-01","2023-08-01","5"
133,"2023-03-01","2023-10-01","7"
133,"2023-03-01","2023-11-01","8"
134,"2023-01-01","2023-01-01","0"
134,"2023-01-01","2023-12-01","11"
135,"2023-02-01","2023-02-01","0"
135,"2023-02-01","2023-10-01","8"
135,"2023-02-01","2023-10-01","8"
135,"2023-02-01","2023-11-01","9"
136,"2023-01-01","2023-01-01","0"
136,"2023-01-01","2023-05-01","4"
136,"2023-01-01","2023-06-01","5"
136,"2023-01-01","2023-07-01","6"
136,"2023-01-01","2023-10-01","9"
136,"2023-01-01","2023-11-01","10"
136,"2023-01-01","2023-11-01","10"
137,"2023-01-01","2023-01-01","0"
137,"2023-01-01","2023-04-01","3"
137,"2023-01-01","2023-04-01","3"
137,"2023-01-01","2023-06-01","5"
138,"2023-01-01","2023-01-01","0"
138,"2023-01-01","2023-05-01","4"
138,"2023-01-01","2023-08-01","7"
138,"2023-01-01","2023-08-01","7"
138,"2023-01-01","2023-09-01","8"
139,"2023-02-01","2023-02-01","0"
140,"2023-01-01","2023-01-01","0"
140,"2023-01-01","2023-01-01","0"
140,"2023-01-01","2023-02-01","1"
140,"2023-01-01","2023-03-01","2"
141,"2023-02-01","2023-02-01","0"
141,"2023-02-01","2023-05-01","3"
141,"2023-02-01","2023-07-01","5"
142,"2023-04-01","2023-04-01","0"
142,"2023-04-01","2023-05-01","1"
142,"2023-04-01","2023-07-01","3"
142,"2023-04-01","2023-08-01","4"
142,"2023-04-01","2023-08-01","4"
142,"2023-04-01","2023-10-01","6"
142,"2023-04-01","2023-10-01","6"
142,"2023-04-01","2023-11-01","7"
142,"2023-04-01","2023-11-01","7"
142,"2023-04-01","2023-12-01","8"
143,"2023-04-01","2023-04-01","0"
143,"2023-04-01","2023-07-01","3"
143,"2023-04-01","2023-08-01","4"
143,"2023-04-01","2023-10-01","6"
144,"2023-10-01","2023-10-01","0"
145,"2023-04-01","2023-04-01","0"
145,"2023-04-01","2023-09-01","5"
145,"2023-04-01","2023-11-01","7"
146,"2023-01-01","2023-01-01","0"
146,"2023-01-01","2023-01-01","0"
146,"2023-01-01","2023-01-01","0"
146,"2023-01-01","2023-04-01","3"
146,"2023-01-01","2023-07-01","6"
146,"2023-01-01","2023-10-01","9"
146,"2023-01-01","2023-11-01","10"
146,"2023-01-01","2023-12-01","11"
147,"2023-01-01","2023-01-01","0"
147,"2023-01-01","2023-01-01","0"
147,"2023-01-01","2023-07-01","6"
147,"2023-01-01","2023-07-01","6"
147,"2023-01-01","2023-09-01","8"
147,"2023-01-01","2023-10-01","9"
147,"2023-01-01","2023-11-01","10"
147,"2023-01-01","2023-12-01","11"
147,"2023-01-01","2023-12-01","11"
148,"2023-08-01","2023-08-01","0"
148,"2023-08-01","2023-10-01","2"
148,"2023-08-01","2023-11-01","3"
149,"2023-01-01","2023-01-01","0"
149,"2023-01-01","2023-02-01","1"
149,"2023-01-01","2023-03-01","2"
149,"2023-01-01","2023-04-01","3"
149,"2023-01-01","2023-07-01","6"
149,"2023-01-01","2023-08-01","7"
149,"2023-01-01","2023-08-01","7"
149,"2023-01-01","2023-09-01","8"
149,"2023-01-01","2023-11-01","10"
150,"2023-01-01","2023-01-01","0"
150,"2023-01-01","2023-02-01","1"
150,"2023-01-01","2023-02-01","1"
150,"2023-01-01","2023-07-01","6"
150,"2023-01-01","2023-07-01","6"
150,"2023-01-01","2023-11-01","10"
150,"2023-01-01","2023-12-01","11"
150,"2023-01-01","2023-12-01","11"
151,"2023-03-01","2023-03-01","0"
151,"2023-03-01","2023-07-01","4"
151,"2023-03-01","2023-09-01","6"
151,"2023-03-01","2023-11-01","8"
152,"2023-03-01","2023-03-01","0"
152,"2023-03-01","2023-04-01","1"
152,"2023-03-01","2023-08-01","5"
152,"2023-03-01","2023-08-01","5"
152,"2023-03-01","2023-11-01","8"
152,"2023-03-01","2023-12-01","9"
153,"2023-02-01","2023-02-01","0"
153,"2023-02-01","2023-08-01","6"
154,"2023-04-01","2023-04-01","0"
154,"2023-04-01","2023-07-01","3"
155,"2023-05-01","2023-05-01","0"
155,"2023-05-01","2023-06-01","1"
155,"2023-05-01","2023-07-01","2"
155,"2023-05-01","2023-08-01","3"
156,"2023-01-01","2023-01-01","0"
156,"2023-01-01","2023-03-01","2"
156,"2023-01-01","2023-05-01","4"
156,"2023-01-01","2023-07-01","6"
156,"2023-01-01","2023-07-01","6"
156,"2023-01-01","2023-08-01","7"
156,"2023-01-01","2023-09-01","8"
156,"2023-01-01","2023-09-01","8"
156,"2023-01-01","2023-10-01","9"
157,"2023-02-01","2023-02-01","0"
157,"2023-02-01","2023-03-01","1"
157,"2023-02-01","2023-04-01","2"
157,"2023-02-01","2023-08-01","6"
157,"2023-02-01","2023-09-01","7"
157,"2023-02-01","2023-10-01","8"
157,"2023-02-01","2023-12-01","10"
158,"2023-03-01","2023-03-01","0"
158,"2023-03-01","2023-03-01","0"
158,"2023-03-01","2023-06-01","3"
158,"2023-03-01","2023-10-01","7"
158,"2023-03-01","2023-11-01","8"
158,"2023-03-01","2023-12-01","9"
159,"2023-03-01","2023-03-01","0"
159,"2023-03-01","2023-04-01","1"
159,"2023-03-01","2023-04-01","1"
159,"2023-03-01","2023-05-01","2"
159,"2023-03-01","2023-05-01","2"
160,"2023-03-01","2023-03-01","0"
160,"2023-03-01","2023-05-01","2"
160,"2023-03-01","2023-11-01","8"
161,"2023-02-01","2023-02-01","0"
161,"2023-02-01","2023-07-01","5"
161,"2023-02-01","2023-10-01","8"
162,"2023-03-01","2023-03-01","0"
162,"2023-03-01","2023-05-01","2"
162,"2023-03-01","2023-05-01","2"
162,"2023-03-01","2023-07-01","4"
162,"2023-03-01","2023-08-01","5"
163,"2023-01-01","2023-01-01","0"
164,"2023-03-01","2023-03-01","0"
164,"2023-03-01","2023-04-01","1"
164,"2023-03-01","2023-05-01","2"
164,"2023-03-01","2023-05-01","2"
164,"2023-03-01","2023-05-01","2"
164,"2023-03-01","2023-08-01","5"
164,"2023-03-01","2023-08-01","5"
164,"2023-03-01","2023-11-01","8"
165,"2023-04-01","2023-04-01","0"
165,"2023-04-01","2023-04-01","0"
165,"2023-04-01","2023-08-01","4"
165,"2023-04-01","2023-08-01","4"
166,"2023-01-01","2023-01-01","0"
166,"2023-01-01","2023-02-01","1"
166,"2023-01-01","2023-03-01","2"
166,"2023-01-01","2023-04-01","3"
166,"2023-01-01","2023-07-01","6"
166,"2023-01-01","2023-08-01","7"
167,"2023-01-01","2023-01-01","0"
167,"2023-01-01","2023-04-01","3"
167,"2023-01-01","2023-08-01","7"
167,"2023-01-01","2023-10-01","9"
168,"2023-01-01","2023-01-01","0"
168,"2023-01-01","2023-02-01","1"
168,"2023-01-01","2023-04-01","3"
168,"2023-01-01","2023-12-01","11"
169,"2023-04-01","2023-04-01","0"
169,"2023-04-01","2023-07-01","3"
170,"2023-01-01","2023-01-01","0"
170,"2023-01-01","2023-02-01","1"
170,"2023-01-01","2023-02-01","1"
170,"2023-01-01","2023-03-01","2"
170,"2023-01-01","2023-05-01","4"
170,"2023-01-01","2023-09-01","8"
171,"2023-01-01","2023-01-01","0"
171,"2023-01-01","2023-02-01","1"
171,"2023-01-01","2023-09-01","8"
171,"2023-01-01","2023-09-01","8"
171,"2023-01-01","2023-10-01","9"
172,"2023-06-01","2023-06-01","0"
172,"2023-06-01","2023-11-01","5"
172,"2023-06-01","2023-12-01","6"
172,"2023-06-01","2023-12-01","6"
173,"2023-01-01","2023-01-01","0"
173,"2023-01-01","2023-03-01","2"
173,"2023-01-01","2023-06-01","5"
173,"2023-01-01","2023-09-01","8"
174,"2023-04-01","2023-04-01","0"
174,"2023-04-01","2023-09-01","5"
174,"2023-04-01","2023-10-01","6"
174,"2023-04-01","2023-11-01","7"
174,"2023-04-01","2023-11-01","7"
174,"2023-04-01","2023-11-01","7"
175,"2023-04-01","2023-04-01","0"
175,"2023-04-01","2023-05-01","1"
175,"2023-04-01","2023-08-01","4"
175,"2023-04-01","2023-08-01","4"
175,"2023-04-01","2023-10-01","6"
175,"2023-04-01","2023-12-01","8"
175,"2023-04-01","2023-12-01","8"
176,"2023-06-01","2023-06-01","0"
176,"2023-06-01","2023-10-01","4"
177,"2023-01-01","2023-01-01","0"
177,"2023-01-01","2023-01-01","0"
177,"2023-01-01","2023-02-01","1"
177,"2023-01-01","2023-02-01","1"
177,"2023-01-01","2023-03-01","2"
177,"2023-01-01","2023-06-01","5"
177,"2023-01-01","2023-07-01","6"
177,"2023-01-01","2023-08-01","7"
177,"2023-01-01","2023-08-01","7"
177,"2023-01-01","2023-10-01","9"
178,"2023-03-01","2023-03-01","0"
178,"2023-03-01","2023-08-01","5"
179,"2023-02-01","2023-02-01","0"
179,"2023-02-01","2023-02-01","0"
179,"2023-02-01","2023-03-01","1"
179,"2023-02-01","2023-03-01","1"
179,"2023-02-01","2023-05-01","3"
179,"2023-02-01","2023-07-01","5"
179,"2023-02-01","2023-08-01","6"
179,"2023-02-01","2023-10-01","8"
180,"2023-02-01","2023-02-01","0"
180,"2023-02-01","2023-04-01","2"
180,"2023-02-01","2023-07-01","5"
180,"2023-02-01","2023-08-01","6"
180,"2023-02-01","2023-08-01","6"
181,"2023-02-01","2023-02-01","0"
181,"2023-02-01","2023-07-01","5"
181,"2023-02-01","2023-08-01","6"
181,"2023-02-01","2023-10-01","8"
182,"2023-03-01","2023-03-01","0"
182,"2023-03-01","2023-07-01","4"
182,"2023-03-01","2023-09-01","6"
182,"2023-03-01","2023-09-01","6"
182,"2023-03-01","2023-09-01","6"
183,"2023-01-01","2023-01-01","0"
183,"2023-01-01","2023-01-01","0"
183,"2023-01-01","2023-02-01","1"
183,"2023-01-01","2023-02-01","1"
183,"2023-01-01","2023-06-01","5"
184,"2023-01-01","2023-01-01","0"
184,"2023-01-01","2023-01-01","0"
184,"2023-01-01","2023-08-01","7"
184,"2023-01-01","2023-09-01","8"
185,"2023-01-01","2023-01-01","0"
185,"2023-01-01","2023-01-01","0"
185,"2023-01-01","2023-10-01","9"
185,"2023-01-01","2023-12-01","11"
186,"2023-10-01","2023-10-01","0"
186,"2023-10-01","2023-11-01","1"
186,"2023-10-01","2023-12-01","2"
187,"2023-02-01","2023-02-01","0"
187,"2023-02-01","2023-07-01","5"
187,"2023-02-01","2023-12-01","10"
188,"2023-01-01","2023-01-01","0"
188,"2023-01-01","2023-04-01","3"
188,"2023-01-01","2023-05-01","4"
188,"2023-01-01","2023-06-01","5"
188,"2023-01-01","2023-06-01","5"
188,"2023-01-01","2023-07-01","6"
188,"2023-01-01","2023-12-01","11"
189,"2023-04-01","2023-04-01","0"
189,"2023-04-01","2023-04-01","0"
189,"2023-04-01","2023-07-01","3"
189,"2023-04-01","2023-07-01","3"
189,"2023-04-01","2023-08-01","4"
189,"2023-04-01","2023-08-01","4"
189,"2023-04-01","2023-09-01","5"
190,"2023-03-01","2023-03-01","0"
190,"2023-03-01","2023-06-01","3"
190,"2023-03-01","2023-06-01","3"
191,"2023-01-01","2023-01-01","0"
191,"2023-01-01","2023-01-01","0"
191,"2023-01-01","2023-04-01","3"
191,"2023-01-01","2023-05-01","4"
191,"2023-01-01","2023-09-01","8"
192,"2023-02-01","2023-02-01","0"
192,"2023-02-01","2023-04-01","2"
192,"2023-02-01","2023-09-01","7"
192,"2023-02-01","2023-11-01","9"
193,"2023-02-01","2023-02-01","0"
193,"2023-02-01","2023-06-01","4"
193,"2023-02-01","2023-06-01","4"
194,"2023-01-01","2023-01-01","0"
194,"2023-01-01","2023-06-01","5"
194,"2023-01-01","2023-06-01","5"
194,"2023-01-01","2023-07-01","6"
194,"2023-01-01","2023-08-01","7"
194,"2023-01-01","2023-08-01","7"
194,"2023-01-01","2023-11-01","10"
194,"2023-01-01","2023-12-01","11"
195,"2023-06-01","2023-06-01","0"
195,"2023-06-01","2023-06-01","0"
195,"2023-06-01","2023-09-01","3"
195,"2023-06-01","2023-10-01","4"
196,"2023-01-01","2023-01-01","0"
196,"2023-01-01","2023-02-01","1"
196,"2023-01-01","2023-10-01","9"
197,"2023-01-01","2023-01-01","0"
197,"2023-01-01","2023-01-01","0"
197,"2023-01-01","2023-02-01","1"
197,"2023-01-01","2023-08-01","7"
197,"2023-01-01","2023-09-01","8"
197,"2023-01-01","2023-09-01","8"
197,"2023-01-01","2023-12-01","11"
198,"2023-04-01","2023-04-01","0"
198,"2023-04-01","2023-10-01","6"
198,"2023-04-01","2023-11-01","7"
199,"2023-01-01","2023-01-01","0"
199,"2023-01-01","2023-02-01","1"
199,"2023-01-01","2023-03-01","2"
199,"2023-01-01","2023-06-01","5"
199,"2023-01-01","2023-08-01","7"
199,"2023-01-01","2023-11-01","10"
199,"2023-01-01","2023-12-01","11"
200,"2023-01-01","2023-01-01","0"
200,"2023-01-01","2023-01-01","0"
200,"2023-01-01","2023-02-01","1"
200,"2023-01-01","2023-04-01","3"
200,"2023-01-01","2023-09-01","8"
200,"2023-01-01","2023-11-01","10"
201,"2023-08-01","2023-08-01","0"
201,"2023-08-01","2023-11-01","3"
201,"2023-08-01","2023-12-01","4"
202,"2023-01-01","2023-01-01","0"
202,"2023-01-01","2023-04-01","3"
202,"2023-01-01","2023-05-01","4"
202,"2023-01-01","2023-06-01","5"
202,"2023-01-01","2023-07-01","6"
202,"2023-01-01","2023-09-01","8"
202,"2023-01-01","2023-09-01","8"
202,"2023-01-01","2023-12-01","11"
202,"2023-01-01","2023-12-01","11"
203,"2023-01-01","2023-01-01","0"
203,"2023-01-01","2023-01-01","0"
203,"2023-01-01","2023-02-01","1"
203,"2023-01-01","2023-03-01","2"
203,"2023-01-01","2023-04-01","3"
203,"2023-01-01","2023-05-01","4"
203,"2023-01-01","2023-05-01","4"
203,"2023-01-01","2023-07-01","6"
203,"2023-01-01","2023-09-01","8"
203,"2023-01-01","2023-11-01","10"
203,"2023-01-01","2023-11-01","10"
204,"2023-06-01","2023-06-01","0"
204,"2023-06-01","2023-08-01","2"
204,"2023-06-01","2023-11-01","5"
204,"2023-06-01","2023-11-01","5"
205,"2023-04-01","2023-04-01","0"
205,"2023-04-01","2023-04-01","0"
205,"2023-04-01","2023-05-01","1"
205,"2023-04-01","2023-07-01","3"
205,"2023-04-01","2023-12-01","8"
206,"2023-01-01","2023-01-01","0"
206,"2023-01-01","2023-04-01","3"
206,"2023-01-01","2023-05-01","4"
206,"2023-01-01","2023-08-01","7"
207,"2023-01-01","2023-01-01","0"
207,"2023-01-01","2023-03-01","2"
207,"2023-01-01","2023-04-01","3"
207,"2023-01-01","2023-04-01","3"
207,"2023-01-01","2023-05-01","4"
207,"2023-01-01","2023-09-01","8"
207,"2023-01-01","2023-11-01","10"
208,"2023-02-01","2023-02-01","0"
208,"2023-02-01","2023-03-01","1"
208,"2023-02-01","2023-04-01","2"
208,"2023-02-01","2023-07-01","5"
208,"2023-02-01","2023-09-01","7"
208,"2023-02-01","2023-09-01","7"
209,"2023-01-01","2023-01-01","0"
209,"2023-01-01","2023-02-01","1"
209,"2023-01-01","2023-03-01","2"
209,"2023-01-01","2023-05-01","4"
209,"2023-01-01","2023-08-01","7"
209,"2023-01-01","2023-08-01","7"
209,"2023-01-01","2023-09-01","8"
209,"2023-01-01","2023-09-01","8"
209,"2023-01-01","2023-09-01","8"
209,"2023-01-01","2023-11-01","10"
210,"2023-01-01","2023-01-01","0"
210,"2023-01-01","2023-03-01","2"
210,"2023-01-01","2023-03-01","2"
210,"2023-01-01","2023-07-01","6"
210,"2023-01-01","2023-10-01","9"
211,"2023-12-01","2023-12-01","0"
211,"2023-12-01","2023-12-01","0"
212,"2023-01-01","2023-01-01","0"
212,"2023-01-01","2023-05-01","4"
212,"2023-01-01","2023-06-01","5"
212,"2023-01-01","2023-10-01","9"
213,"2023-01-01","2023-01-01","0"
213,"2023-01-01","2023-04-01","3"
213,"2023-01-01","2023-11-01","10"
213,"2023-01-01","2023-12-01","11"
214,"2023-01-01","2023-01-01","0"
214,"2023-01-01","2023-09-01","8"
214,"2023-01-01","2023-10-01","9"
215,"2023-02-01","2023-02-01","0"
215,"2023-02-01","2023-03-01","1"
215,"2023-02-01","2023-07-01","5"
215,"2023-02-01","2023-09-01","7"
216,"2023-08-01","2023-08-01","0"
216,"2023-08-01","2023-11-01","3"
218,"2023-01-01","2023-01-01","0"
218,"2023-01-01","2023-05-01","4"
218,"2023-01-01","2023-05-01","4"
218,"2023-01-01","2023-08-01","7"
218,"2023-01-01","2023-10-01","9"
218,"2023-01-01","2023-12-01","11"
219,"2023-01-01","2023-01-01","0"
219,"2023-01-01","2023-06-01","5"
219,"2023-01-01","2023-08-01","7"
219,"2023-01-01","2023-11-01","10"
219,"2023-01-01","2023-12-01","11"
220,"2023-01-01","2023-01-01","0"
220,"2023-01-01","2023-03-01","2"
220,"2023-01-01","2023-05-01","4"
220,"2023-01-01","2023-10-01","9"
220,"2023-01-01","2023-10-01","9"
220,"2023-01-01","2023-11-01","10"
221,"2023-01-01","2023-01-01","0"
221,"2023-01-01","2023-12-01","11"
222,"2023-11-01","2023-11-01","0"
223,"2023-05-01","2023-05-01","0"
223,"2023-05-01","2023-06-01","1"
223,"2023-05-01","2023-08-01","3"
223,"2023-05-01","2023-10-01","5"
224,"2023-03-01","2023-03-01","0"
224,"2023-03-01","2023-03-01","0"
224,"2023-03-01","2023-04-01","1"
224,"2023-03-01","2023-07-01","4"
224,"2023-03-01","2023-08-01","5"
224,"2023-03-01","2023-10-01","7"
224,"2023-03-01","2023-12-01","9"
225,"2023-01-01","2023-01-01","0"
225,"2023-01-01","2023-03-01","2"
225,"2023-01-01","2023-04-01","3"
225,"2023-01-01","2023-04-01","3"
225,"2023-01-01","2023-06-01","5"
225,"2023-01-01","2023-07-01","6"
225,"2023-01-01","2023-08-01","7"
225,"2023-01-01","2023-12-01","11"
226,"2023-02-01","2023-02-01","0"
226,"2023-02-01","2023-02-01","0"
226,"2023-02-01","2023-07-01","5"
226,"2023-02-01","2023-10-01","8"
226,"2023-02-01","2023-11-01","9"
226,"2023-02-01","2023-12-01","10"
227,"2023-03-01","2023-03-01","0"
227,"2023-03-01","2023-09-01","6"
227,"2023-03-01","2023-12-01","9"
228,"2023-05-01","2023-05-01","0"
228,"2023-05-01","2023-06-01","1"
228,"2023-05-01","2023-06-01","1"
228,"2023-05-01","2023-06-01","1"
228,"2023-05-01","2023-06-01","1"
228,"2023-05-01","2023-07-01","2"
228,"2023-05-01","2023-07-01","2"
228,"2023-05-01","2023-08-01","3"
228,"2023-05-01","2023-09-01","4"
228,"2023-05-01","2023-10-01","5"
229,"2023-01-01","2023-01-01","0"
229,"2023-01-01","2023-03-01","2"
229,"2023-01-01","2023-04-01","3"
229,"2023-01-01","2023-06-01","5"
229,"2023-01-01","2023-06-01","5"
229,"2023-01-01","2023-08-01","7"
230,"2023-06-01","2023-06-01","0"
230,"2023-06-01","2023-06-01","0"
230,"2023-06-01","2023-09-01","3"
230,"2023-06-01","2023-11-01","5"
230,"2023-06-01","2023-11-01","5"
231,"2023-02-01","2023-02-01","0"
231,"2023-02-01","2023-02-01","0"
231,"2023-02-01","2023-04-01","2"
231,"2023-02-01","2023-05-01","3"
231,"2023-02-01","2023-10-01","8"
231,"2023-02-01","2023-11-01","9"
232,"2023-07-01","2023-07-01","0"
232,"2023-07-01","2023-10-01","3"
232,"2023-07-01","2023-10-01","3"
232,"2023-07-01","2023-12-01","5"
233,"2023-01-01","2023-01-01","0"
233,"2023-01-01","2023-01-01","0"
233,"2023-01-01","2023-02-01","1"
233,"2023-01-01","2023-06-01","5"
233,"2023-01-01","2023-08-01","7"
233,"2023-01-01","2023-09-01","8"
233,"2023-01-01","2023-11-01","10"
233,"2023-01-01","2023-12-01","11"
233,"2023-01-01","2023-12-01","11"
233,"2023-01-01","2023-12-01","11"
234,"2023-01-01","2023-01-01","0"
234,"2023-01-01","2023-04-01","3"
234,"2023-01-01","2023-07-01","6"
234,"2023-01-01","2023-08-01","7"
235,"2023-05-01","2023-05-01","0"
235,"2023-05-01","2023-06-01","1"
236,"2023-01-01","2023-01-01","0"
236,"2023-01-01","2023-03-01","2"
236,"2023-01-01","2023-06-01","5"
236,"2023-01-01","2023-07-01","6"
236,"2023-01-01","2023-08-01","7"
237,"2023-02-01","2023-02-01","0"
237,"2023-02-01","2023-06-01","4"
237,"2023-02-01","2023-10-01","8"
238,"2023-02-01","2023-02-01","0"
238,"2023-02-01","2023-03-01","1"
238,"2023-02-01","2023-05-01","3"
238,"2023-02-01","2023-07-01","5"
239,"2023-08-01","2023-08-01","0"
239,"2023-08-01","2023-11-01","3"
239,"2023-08-01","2023-11-01","3"
240,"2023-04-01","2023-04-01","0"
240,"2023-04-01","2023-04-01","0"
240,"2023-04-01","2023-06-01","2"
240,"2023-04-01","2023-08-01","4"
240,"2023-04-01","2023-11-01","7"
240,"2023-04-01","2023-12-01","8"
240,"2023-04-01","2023-12-01","8"
241,"2023-05-01","2023-05-01","0"
241,"2023-05-01","2023-06-01","1"
241,"2023-05-01","2023-06-01","1"
241,"2023-05-01","2023-08-01","3"
242,"2023-01-01","2023-01-01","0"
242,"2023-01-01","2023-04-01","3"
242,"2023-01-01","2023-08-01","7"
242,"2023-01-01","2023-10-01","9"
242,"2023-01-01","2023-12-01","11"
242,"2023-01-01","2023-12-01","11"
243,"2023-02-01","2023-02-01","0"
243,"2023-02-01","2023-05-01","3"
243,"2023-02-01","2023-05-01","3"
243,"2023-02-01","2023-06-01","4"
243,"2023-02-01","2023-07-01","5"
243,"2023-02-01","2023-07-01","5"
243,"2023-02-01","2023-08-01","6"
243,"2023-02-01","2023-10-01","8"
243,"2023-02-01","2023-12-01","10"
244,"2023-05-01","2023-05-01","0"
244,"2023-05-01","2023-05-01","0"
244,"2023-05-01","2023-08-01","3"
244,"2023-05-01","2023-12-01","7"
245,"2023-06-01","2023-06-01","0"
245,"2023-06-01","2023-11-01","5"
245,"2023-06-01","2023-12-01","6"
246,"2023-03-01","2023-03-01","0"
246,"2023-03-01","2023-04-01","1"
246,"2023-03-01","2023-07-01","4"
246,"2023-03-01","2023-12-01","9"
247,"2023-02-01","2023-02-01","0"
247,"2023-02-01","2023-04-01","2"
247,"2023-02-01","2023-05-01","3"
247,"2023-02-01","2023-10-01","8"
248,"2023-05-01","2023-05-01","0"
248,"2023-05-01","2023-07-01","2"
248,"2023-05-01","2023-08-01","3"
248,"2023-05-01","2023-09-01","4"
248,"2023-05-01","2023-10-01","5"
248,"2023-05-01","2023-12-01","7"
249,"2023-04-01","2023-04-01","0"
249,"2023-04-01","2023-04-01","0"
249,"2023-04-01","2023-06-01","2"
249,"2023-04-01","2023-10-01","6"
250,"2023-09-01","2023-09-01","0"
250,"2023-09-01","2023-11-01","2"
251,"2023-05-01","2023-05-01","0"
251,"2023-05-01","2023-07-01","2"
251,"2023-05-01","2023-08-01","3"
251,"2023-05-01","2023-09-01","4"
251,"2023-05-01","2023-10-01","5"
252,"2023-06-01","2023-06-01","0"
252,"2023-06-01","2023-07-01","1"
252,"2023-06-01","2023-11-01","5"
252,"2023-06-01","2023-12-01","6"
253,"2023-01-01","2023-01-01","0"
253,"2023-01-01","2023-03-01","2"
253,"2023-01-01","2023-04-01","3"
253,"2023-01-01","2023-05-01","4"
253,"2023-01-01","2023-10-01","9"
254,"2023-03-01","2023-03-01","0"
254,"2023-03-01","2023-04-01","1"
254,"2023-03-01","2023-05-01","2"
254,"2023-03-01","2023-08-01","5"
254,"2023-03-01","2023-09-01","6"
254,"2023-03-01","2023-11-01","8"
254,"2023-03-01","2023-12-01","9"
255,"2023-04-01","2023-04-01","0"
255,"2023-04-01","2023-06-01","2"
255,"2023-04-01","2023-06-01","2"
255,"2023-04-01","2023-12-01","8"
256,"2023-05-01","2023-05-01","0"
256,"2023-05-01","2023-05-01","0"
256,"2023-05-01","2023-06-01","1"
256,"2023-05-01","2023-08-01","3"
256,"2023-05-01","2023-08-01","3"
256,"2023-05-01","2023-10-01","5"
257,"2023-03-01","2023-03-01","0"
257,"2023-03-01","2023-08-01","5"
257,"2023-03-01","2023-09-01","6"
257,"2023-03-01","2023-10-01","7"
257,"2023-03-01","2023-11-01","8"
258,"2023-04-01","2023-04-01","0"
258,"2023-04-01","2023-04-01","0"
258,"2023-04-01","2023-07-01","3"
258,"2023-04-01","2023-08-01","4"
258,"2023-04-01","2023-09-01","5"
258,"2023-04-01","2023-09-01","5"
258,"2023-04-01","2023-11-01","7"
259,"2023-01-01","2023-01-01","0"
259,"2023-01-01","2023-03-01","2"
259,"2023-01-01","2023-05-01","4"
259,"2023-01-01","2023-06-01","5"
259,"2023-01-01","2023-06-01","5"
259,"2023-01-01","2023-09-01","8"
260,"2023-02-01","2023-02-01","0"
260,"2023-02-01","2023-03-01","1"
260,"2023-02-01","2023-03-01","1"
260,"2023-02-01","2023-05-01","3"
260,"2023-02-01","2023-07-01","5"
260,"2023-02-01","2023-10-01","8"
261,"2023-02-01","2023-02-01","0"
261,"2023-02-01","2023-03-01","1"
261,"2023-02-01","2023-04-01","2"
261,"2023-02-01","2023-06-01","4"
262,"2023-01-01","2023-01-01","0"
262,"2023-01-01","2023-02-01","1"
262,"2023-01-01","2023-03-01","2"
262,"2023-01-01","2023-08-01","7"
262,"2023-01-01","2023-12-01","11"
262,"2023-01-01","2023-12-01","11"
263,"2023-03-01","2023-03-01","0"
263,"2023-03-01","2023-05-01","2"
263,"2023-03-01","2023-10-01","7"
264,"2023-01-01","2023-01-01","0"
264,"2023-01-01","2023-05-01","4"
264,"2023-01-01","2023-06-01","5"
264,"2023-01-01","2023-06-01","5"
264,"2023-01-01","2023-09-01","8"
265,"2023-03-01","2023-03-01","0"
265,"2023-03-01","2023-07-01","4"
265,"2023-03-01","2023-07-01","4"
265,"2023-03-01","2023-07-01","4"
265,"2023-03-01","2023-09-01","6"
265,"2023-03-01","2023-10-01","7"
265,"2023-03-01","2023-12-01","9"
266,"2023-01-01","2023-01-01","0"
266,"2023-01-01","2023-08-01","7"
266,"2023-01-01","2023-08-01","7"
266,"2023-01-01","2023-09-01","8"
266,"2023-01-01","2023-09-01","8"
266,"2023-01-01","2023-10-01","9"
266,"2023-01-01","2023-12-01","11"
267,"2023-03-01","2023-03-01","0"
267,"2023-03-01","2023-04-01","1"
267,"2023-03-01","2023-08-01","5"
267,"2023-03-01","2023-12-01","9"
268,"2023-01-01","2023-01-01","0"
268,"2023-01-01","2023-04-01","3"
268,"2023-01-01","2023-07-01","6"
269,"2023-02-01","2023-02-01","0"
269,"2023-02-01","2023-02-01","0"
269,"2023-02-01","2023-02-01","0"
269,"2023-02-01","2023-03-01","1"
269,"2023-02-01","2023-03-01","1"
269,"2023-02-01","2023-04-01","2"
269,"2023-02-01","2023-07-01","5"
269,"2023-02-01","2023-07-01","5"
269,"2023-02-01","2023-11-01","9"
270,"2023-05-01","2023-05-01","0"
270,"2023-05-01","2023-06-01","1"
270,"2023-05-01","2023-06-01","1"
270,"2023-05-01","2023-07-01","2"
270,"2023-05-01","2023-08-01","3"
270,"2023-05-01","2023-09-01","4"
270,"2023-05-01","2023-10-01","5"
270,"2023-05-01","2023-11-01","6"
271,"2023-06-01","2023-06-01","0"
271,"2023-06-01","2023-07-01","1"
271,"2023-06-01","2023-08-01","2"
271,"2023-06-01","2023-10-01","4"
271,"2023-06-01","2023-10-01","4"
271,"2023-06-01","2023-10-01","4"
271,"2023-06-01","2023-11-01","5"
271,"2023-06-01","2023-11-01","5"
271,"2023-06-01","2023-12-01","6"
272,"2023-01-01","2023-01-01","0"
272,"2023-01-01","2023-02-01","1"
272,"2023-01-01","2023-02-01","1"
272,"2023-01-01","2023-06-01","5"
272,"2023-01-01","2023-08-01","7"
272,"2023-01-01","2023-08-01","7"
273,"2023-01-01","2023-01-01","0"
273,"2023-01-01","2023-09-01","8"
273,"2023-01-01","2023-12-01","11"
273,"2023-01-01","2023-12-01","11"
274,"2023-01-01","2023-01-01","0"
274,"2023-01-01","2023-01-01","0"
274,"2023-01-01","2023-07-01","6"
274,"2023-01-01","2023-08-01","7"
274,"2023-01-01","2023-10-01","9"
275,"2023-12-01","2023-12-01","0"
276,"2023-03-01","2023-03-01","0"
276,"2023-03-01","2023-04-01","1"
276,"2023-03-01","2023-05-01","2"
276,"2023-03-01","2023-05-01","2"
276,"2023-03-01","2023-08-01","5"
276,"2023-03-01","2023-08-01","5"
276,"2023-03-01","2023-09-01","6"
277,"2023-01-01","2023-01-01","0"
277,"2023-01-01","2023-01-01","0"
277,"2023-01-01","2023-05-01","4"
277,"2023-01-01","2023-06-01","5"
278,"2023-01-01","2023-01-01","0"
278,"2023-01-01","2023-03-01","2"
278,"2023-01-01","2023-09-01","8"
278,"2023-01-01","2023-10-01","9"
279,"2023-03-01","2023-03-01","0"
279,"2023-03-01","2023-04-01","1"
279,"2023-03-01","2023-06-01","3"
279,"2023-03-01","2023-08-01","5"
280,"2023-03-01","2023-03-01","0"
280,"2023-03-01","2023-05-01","2"
280,"2023-03-01","2023-09-01","6"
280,"2023-03-01","2023-09-01","6"
280,"2023-03-01","2023-11-01","8"
280,"2023-03-01","2023-12-01","9"
281,"2023-03-01","2023-03-01","0"
281,"2023-03-01","2023-03-01","0"
281,"2023-03-01","2023-04-01","1"
281,"2023-03-01","2023-09-01","6"
281,"2023-03-01","2023-10-01","7"
281,"2023-03-01","2023-11-01","8"
281,"2023-03-01","2023-11-01","8"
281,"2023-03-01","2023-11-01","8"
282,"2023-01-01","2023-01-01","0"
282,"2023-01-01","2023-05-01","4"
282,"2023-01-01","2023-07-01","6"
282,"2023-01-01","2023-08-01","7"
283,"2023-02-01","2023-02-01","0"
283,"2023-02-01","2023-06-01","4"
283,"2023-02-01","2023-07-01","5"
283,"2023-02-01","2023-09-01","7"
283,"2023-02-01","2023-11-01","9"
284,"2023-05-01","2023-05-01","0"
284,"2023-05-01","2023-06-01","1"
284,"2023-05-01","2023-12-01","7"
285,"2023-01-01","2023-01-01","0"
285,"2023-01-01","2023-03-01","2"
285,"2023-01-01","2023-04-01","3"
285,"2023-01-01","2023-05-01","4"
285,"2023-01-01","2023-05-01","4"
285,"2023-01-01","2023-06-01","5"
285,"2023-01-01","2023-07-01","6"
285,"2023-01-01","2023-07-01","6"
285,"2023-01-01","2023-08-01","7"
286,"2023-01-01","2023-01-01","0"
286,"2023-01-01","2023-04-01","3"
286,"2023-01-01","2023-04-01","3"
286,"2023-01-01","2023-05-01","4"
286,"2023-01-01","2023-07-01","6"
286,"2023-01-01","2023-11-01","10"
287,"2023-04-01","2023-04-01","0"
287,"2023-04-01","2023-08-01","4"
288,"2023-01-01","2023-01-01","0"
288,"2023-01-01","2023-02-01","1"
288,"2023-01-01","2023-02-01","1"
288,"2023-01-01","2023-09-01","8"
289,"2023-01-01","2023-01-01","0"
289,"2023-01-01","2023-01-01","0"
289,"2023-01-01","2023-02-01","1"
289,"2023-01-01","2023-04-01","3"
289,"2023-01-01","2023-12-01","11"
290,"2023-11-01","2023-11-01","0"
291,"2023-01-01","2023-01-01","0"
291,"2023-01-01","2023-01-01","0"
291,"2023-01-01","2023-02-01","1"
291,"2023-01-01","2023-05-01","4"
291,"2023-01-01","2023-07-01","6"
292,"2023-05-01","2023-05-01","0"
292,"2023-05-01","2023-06-01","1"
292,"2023-05-01","2023-08-01","3"
292,"2023-05-01","2023-08-01","3"
292,"2023-05-01","2023-08-01","3"
292,"2023-05-01","2023-09-01","4"
292,"2023-05-01","2023-10-01","5"
293,"2023-01-01","2023-01-01","0"
293,"2023-01-01","2023-04-01","3"
293,"2023-01-01","2023-04-01","3"
293,"2023-01-01","2023-06-01","5"
293,"2023-01-01","2023-08-01","7"
293,"2023-01-01","2023-11-01","10"
294,"2023-05-01","2023-05-01","0"
294,"2023-05-01","2023-05-01","0"
294,"2023-05-01","2023-09-01","4"
294,"2023-05-01","2023-11-01","6"
295,"2023-04-01","2023-04-01","0"
295,"2023-04-01","2023-05-01","1"
295,"2023-04-01","2023-06-01","2"
295,"2023-04-01","2023-07-01","3"
295,"2023-04-01","2023-10-01","6"
296,"2023-04-01","2023-04-01","0"
296,"2023-04-01","2023-06-01","2"
296,"2023-04-01","2023-09-01","5"
296,"2023-04-01","2023-10-01","6"
296,"2023-04-01","2023-10-01","6"
297,"2023-03-01","2023-03-01","0"
297,"2023-03-01","2023-10-01","7"
297,"2023-03-01","2023-12-01","9"
298,"2023-02-01","2023-02-01","0"
298,"2023-02-01","2023-03-01","1"
298,"2023-02-01","2023-05-01","3"
298,"2023-02-01","2023-06-01","4"
298,"2023-02-01","2023-07-01","5"
299,"2023-03-01","2023-03-01","0"
300,"2023-01-01","2023-01-01","0"
300,"2023-01-01","2023-03-01","2"
300,"2023-01-01","2023-05-01","4"
300,"2023-01-01","2023-07-01","6"
300,"2023-01-01","2023-09-01","8"
300,"2023-01-01","2023-09-01","8"
300,"2023-01-01","2023-11-01","10"
300,"2023-01-01","2023-11-01","10"
301,"2023-03-01","2023-03-01","0"
301,"2023-03-01","2023-12-01","9"
